Student_id,POW.AF3.Theta,POW.AF3.Alpha,POW.AF3.BetaL,POW.AF3.BetaH,POW.AF3.Gamma,POW.T7.Theta,POW.T7.Alpha,POW.T7.BetaL,POW.T7.BetaH,POW.T7.Gamma,POW.Pz.Theta,POW.Pz.Alpha,POW.Pz.BetaL,POW.Pz.BetaH,POW.Pz.Gamma,POW.T8.Theta,POW.T8.Alpha,POW.T8.BetaL,POW.T8.BetaH,POW.T8.Gamma,POW.AF4.Theta,POW.AF4.Alpha,POW.AF4.BetaL,POW.AF4.BetaH,POW.AF4.Gamma,Output
1,160.4476068,12.44825044,3.183175704,1.141129296,0.46662807,2.537047437,1.398069113,0.974062394,0.52908369,0.322326465,1.562677282,1.283557099,0.814696394,0.496215606,0.346839394,0.061796944,0.057181958,0.077277127,0.047094732,0.049278169,118.884316,10.07681537,2.804781465,1.135809282,0.508367718,3
1,117.6481603,9.18198838,2.967610915,1.100106451,0.395282394,2.492153014,1.209976606,0.849493268,0.608738141,0.361383338,1.601847127,0.960882746,0.873103521,0.426263521,0.353662423,0.029361437,0.071427394,0.033100465,0.020875254,0.012078465,75.25531376,6.763135028,2.595313042,1.05911093,0.364781634,2
1,126.2733215,12.55647977,2.818599817,1.118187887,0.344501451,3.07823131,1.749385521,1.18655062,0.693809761,0.418357268,2.407999606,1.35173969,1.231891437,0.623674662,0.374146831,0.030896155,0.030845113,0.048277085,0.043718606,0.03774431,85.26943423,9.598544944,2.749600676,1.018425169,0.385542648,1
2,102.210565,20.07044261,8.213163333,3.06887709,1.463149856,57.6784181,15.48785603,7.340485333,2.451780631,1.701128973,55.19282835,14.01114346,8.586893991,3.481767613,1.916285054,0.17185045,0.08199064,0.046794288,0.028934667,0.029168793,91.87046409,19.31413495,8.212285523,2.993474577,1.478992586,3
2,21.79124097,3.453715093,3.027243147,1.281411,0.615185787,2.351580147,1.28598908,1.158257933,0.81705492,0.571785013,7.48769988,2.343654347,1.5684268,0.853386987,0.52184212,0.266670533,0.086098547,0.04526192,0.025761627,0.019047,15.19268735,3.509096373,2.35356156,1.465752947,0.701479093,2
2,39.79973369,8.588342309,3.770318543,2.500969901,1.055936148,10.66656032,4.082985691,2.455680136,1.868347914,1.292872407,5.496214728,3.568542778,1.752189136,1.465732716,0.782435691,1.221044222,0.419529617,0.224135753,0.085777667,0.062977321,30.01813275,8.102197778,3.90559258,2.473109926,0.958168025,1
3,37.1422494,41.52815227,99.00494694,114.6914458,150.5234231,18.29191281,37.99882637,98.83998184,115.4757755,156.3079344,328.7480423,125.0829266,118.3717808,109.4307572,123.504727,0.017512259,0.022406667,0.010254593,0.009194111,0.011284309,29.14220281,39.85572532,99.02575652,117.4662092,151.1233725,3
3,35.51618885,6.803122254,3.353475576,1.711136644,1.529180949,21.51482912,4.063040949,2.377744508,1.695457983,1.723709305,12.04891288,2.900791424,1.529596915,1.103438424,0.933575203,0.073809695,0.078550746,0.054891864,0.031219068,0.040129475,31.3393569,6.164235356,2.686296424,2.542702932,1.850280593,2
3,1338.760394,251.7036858,139.3952944,43.34917445,13.89651677,1246.546165,249.4835808,146.6446314,45.89115578,14.31257733,613.9662056,136.6388738,80.97399692,27.09217123,8.902116783,0.1741648,0.08015015,0.056783217,0.06573705,0.050828967,1308.086468,249.4428482,140.7005294,46.7999668,13.94148723,1
4,5.016496854,2.552874449,1.434555506,1.00314064,0.598974348,25.59174694,8.945484449,4.43935409,1.475430449,0.97787291,3.450281337,2.947183101,1.97766864,0.982626461,0.547061944,0.085224539,0.05937482,0.062085112,0.059460056,0.046215112,5.202115528,2.517394124,1.433305045,0.961838494,0.532024371,3
4,5.861621526,3.329640803,1.319407829,0.719390592,0.530348382,14.48623828,6.298264197,4.471128474,1.741321474,0.932208763,4.664203711,2.670483697,1.544460382,0.697017961,0.430010329,0.263136645,0.241920697,0.170042855,0.111135711,0.136287132,3.089135658,2.392811908,1.354165026,0.625551368,0.554480197,2
4,7.934620012,2.891569976,2.061212,0.919984434,0.575730807,13.31980234,3.111609892,1.975923843,1.711017675,1.526218747,6.208217952,3.024973639,2.820197783,1.067288361,0.67132153,0.116133108,0.04430647,0.053891675,0.045421169,0.063318614,4.168595277,1.791975651,1.555032265,0.826288578,0.492825036,1
5,13.97394783,3.712515923,1.26896809,0.959903526,0.383786154,1.949217846,0.805540103,0.539567885,0.394687577,0.278285179,3.203388308,1.738927564,0.945428859,0.586530218,0.269683205,0.090552372,0.086018487,0.091412846,0.068624897,0.094556423,11.44050499,3.376767244,1.201204256,0.896845667,0.35116141,3
5,13.11721241,5.105709513,1.499721882,0.891960697,0.316944395,9.424254724,1.359564921,0.895408026,0.564210316,0.251830763,24.93978683,8.667503105,3.435638039,1.495555461,0.334991197,0.144363618,0.172602868,0.127356263,0.145076211,0.148107842,10.85252786,5.199717079,1.630190526,0.815257355,0.310274684,2
5,16.0537304,6.263911325,2.567969377,0.935673961,0.422990948,1.919992442,0.930145026,0.653451792,0.408739143,0.356669065,5.192125468,2.038289234,1.202892714,0.566400416,0.302914065,0.198252208,0.194674961,0.162394247,0.129613571,0.177902091,13.47309386,5.055909312,2.277193429,0.928500429,0.325405675,1
6,20.53465558,5.674748507,1.981869406,1.779161,1.279454362,6.096196043,1.191836,1.337972116,2.219417275,2.376841913,3.669205232,1.637985652,1.821024188,1.471446478,1.113578232,0.150694029,0.185280768,0.132618406,0.098844652,0.105175507,16.98536914,4.550324261,2.097658,1.806043971,1.244962449,3
6,3.607048739,2.371326536,2.054059536,3.754488333,4.468838594,936.3758908,310.7423415,137.9413549,51.82194196,19.52422365,2.771149304,1.803867101,1.703053246,3.231434623,4.191455435,0.083705174,0.105844536,0.07881329,0.088033406,0.096777681,3.362782507,2.058266986,1.816225072,3.637420942,4.447749725,2
6,6.981561103,2.254198221,1.863911176,3.143688882,4.110287265,3.210967544,1.41424825,2.151117529,4.059654794,5.784369235,2.71624275,1.694204368,1.370864353,3.149988985,3.716957162,0.207208838,0.212335721,0.162911265,0.174425412,0.166077971,4.450122221,1.784569765,1.685004103,3.075864412,3.987503721,1
7,73.06341171,18.5340944,6.973938917,4.8916835,4.376766583,15.63305749,7.848745764,5.239711222,5.412228903,5.819337514,16.8956106,8.464746194,5.050595653,3.948927181,3.709883444,0.020625236,0.011360958,0.006510361,0.007037889,0.011093847,33.57479628,11.96643029,5.231585903,4.076515181,3.534167833,3
7,624.2141766,165.3003055,79.77299695,25.92232311,5.39637442,602.9059606,165.7312713,81.98585814,26.88224286,5.780262194,4.100375656,1.352309091,1.009795028,0.68469766,0.595055221,0.037752935,0.03289293,0.026464622,0.021755928,0.032829052,2.82752606,0.829068898,0.885808182,1.027781461,1.580419348,2
7,58.98643818,59.24909017,13.23850725,59.75251308,42.42383552,54.94824392,54.7206421,14.57106905,66.73192185,44.87449833,28.40489325,50.7072871,13.98843785,58.9129532,44.01662463,0.010907267,0.0084205,0.010246983,0.01509,0.016611167,42.29774505,51.82937565,12.7639724,62.50430545,39.29847718,1
8,2.347170347,1.46478968,1.098283013,0.71352052,0.506569213,2.62490048,1.362879453,1.316519187,1.86202004,1.60179172,2.09952428,1.08738332,0.933319467,0.58117928,0.435941653,0.047764067,0.076835707,0.06896328,0.034091413,0.045327747,3.016086987,1.45816016,1.123501387,0.721091493,0.524562533,3
8,12.5832429,2.699796177,1.171940722,0.663048177,0.462643633,2.692478937,1.209837924,1.054330823,1.568674595,2.032520228,2.162260873,1.241901848,0.63454219,0.492903924,0.352996291,0.170078025,0.135168734,0.105653456,0.098635114,0.095136139,7.074756101,1.958493316,1.292681494,0.760339835,0.459119329,2
8,8.690243308,3.192735013,1.361354436,0.618284744,0.349173449,5.007871372,2.028073897,1.22314859,2.017975051,2.149053436,4.424669333,1.777411551,1.064781,0.501488115,0.366025897,0.146832244,0.122089051,0.112771487,0.087803128,0.077293346,6.007623205,2.636962077,1.484208244,0.716016333,0.343249038,1
9,21.6829526,4.124975986,1.262986886,0.679343257,0.709887229,1.914605257,1.214761371,0.926670314,1.0502159,2.283345314,4.355137714,2.984827229,1.672804486,0.847260086,0.657577414,0.001838371,0.000668543,0.001115786,0.001284514,0.001151086,15.79190863,4.322165243,1.296881186,0.702018457,0.699873214,3
9,15.66016622,1.930478455,1.237899571,0.810093442,0.558609961,1.986133974,1.341349571,1.591934013,3.601598883,2.977651974,3.669903065,2.276949481,1.232122675,0.934805532,0.534936597,0.05418387,0.024365948,0.029566675,0.012252,0.011673234,13.42316029,2.288652753,1.319987481,0.805627052,0.611710234,2
9,10.97144251,2.353607042,0.943694403,0.730726556,0.513731583,2.184110139,1.162106819,1.142323903,3.846345361,3.543222569,26.02431622,10.97335282,4.681149528,1.586471958,0.871113736,0.000459222,0.000297431,0.000207833,8.34E-05,5.98E-05,11.12290779,2.368907569,1.234151972,0.866463472,0.574897153,1
10,38.09840962,5.940333115,2.004848872,0.770632256,0.379031295,2.373892308,1.409564641,1.321310487,0.911004538,0.656133474,4.24101141,2.981875974,0.943277974,0.563539641,0.26254941,0.140527949,0.199122526,0.197919154,0.138332218,0.146817987,19.62242995,3.789288692,1.432962038,0.768846128,0.325567936,3
10,28.97963484,3.644498288,1.883412713,1.0871185,0.465522813,9.307221513,1.503747575,1.495263775,1.314285163,0.881231475,4.116182238,2.709024575,1.628327413,0.870390375,0.361895988,0.136832375,0.06780855,0.047851225,0.047781363,0.054268225,16.56678904,2.5779959,1.756935088,1.14006125,0.40229175,2
10,35.79104721,8.907144049,2.596830914,1.137114716,0.518449704,15.17172517,3.174661938,1.986882284,1.324855617,1.100072123,4.397167556,3.192186395,1.462831975,0.915783679,0.411008617,0.197186802,0.151967148,0.139612679,0.11622884,0.112873272,20.67071338,6.297606963,1.982332704,1.102603123,0.495704593,1
65,16.41488732,11.83751925,2.389017292,0.812604694,0.501349944,106.5484823,79.05507317,78.7461645,87.59921893,264.2973576,4.077601708,4.699937333,1.543713667,0.794850083,0.352249472,0.011290056,0.021133639,0.018867083,0.030995431,0.031813694,6.601574403,10.13693179,1.987168208,0.947581278,0.461176792,3
65,781.4578145,219.8206104,70.11370179,18.43118047,2.736687387,103.2662547,82.16438708,73.17177584,91.99247565,209.870422,681.9814875,172.314908,53.54497104,15.17645777,2.2040214,0.08057084,0.055091253,0.05746804,0.04956972,0.035713413,785.338436,223.0017607,72.90709433,18.35633332,2.57743628,2
65,13.01966906,4.767498986,1.517097167,0.825170278,0.547347403,120.2267686,69.86580157,74.34785303,90.82707114,203.4347782,4.346146028,2.983676569,1.080882278,0.632799722,0.451160472,0.025454903,0.020082208,0.024591667,0.027892292,0.030949069,10.03201301,5.473521958,1.495404278,0.758632611,0.481893,1
66,58.74238833,7.382867581,2.464681686,2.892591581,1.464221012,8.280751372,1.849264988,1.905705244,2.421267395,2.126093058,6.749268337,1.775944477,1.078559174,0.772165047,0.397351895,0.246907826,0.322926674,0.198055791,0.137745477,0.160313291,34.90170234,5.085558919,2.506903442,1.57207464,0.63440357,3
66,95.58375443,12.42446533,3.484803407,2.483445926,1.539096778,4.433256519,1.868080025,1.672837086,3.309776827,1.944961617,4.249012815,1.264530259,1.475534802,0.861672667,0.464787284,0.084800086,0.059260877,0.067830457,0.066182914,0.080069642,52.50878226,7.402228741,2.607535099,1.711812506,0.738789778,2
66,108.7656262,16.02730651,3.829057121,2.635665757,1.544962916,10.04965064,1.73741372,1.961234346,3.342986065,2.142399505,6.510991748,1.985734701,1.678775636,1.267533925,0.575029916,0.136969056,0.147830664,0.133874131,0.128508822,0.144766542,57.45737693,9.910266897,2.99699143,1.730223794,0.801872178,1
67,19.68244329,5.206877785,2.387798419,1.906545387,1.451184968,76.16838481,74.40160026,77.91915599,84.47604252,245.1877637,3.504269065,2.81932243,2.328440978,1.734721301,1.457727355,0.03960214,0.042510108,0.045997753,0.044136215,0.03760728,11.27835457,4.21590728,2.411018656,2.074650645,1.524040634,3
67,27.89182109,2.704844868,3.435282471,2.043607088,1.815270926,56.18310572,63.51718815,62.94348281,80.87087056,242.1150153,4.773819426,2.547248779,3.37285225,1.677927897,1.723205324,0.005122706,0.004618897,0.003890441,0.004114559,0.005455838,15.46133815,2.681902412,3.485773382,1.916341868,1.685397044,2
67,3.393892145,1.809382957,2.28745413,1.923928029,1.670093232,78.55982923,62.95042822,73.61419155,105.0580733,221.6163664,2.197508087,1.878186014,2.175326841,1.736651449,1.621403638,0.028237217,0.026101058,0.033621362,0.029843522,0.026613464,3.725604319,1.943917362,2.195216797,2.017401058,1.712297681,1
68,3.409458943,2.012799261,1.030478784,0.853070239,0.737545057,78.1901997,28.01078742,13.68211597,5.742224352,2.645007295,3.26766983,2.629503864,1.767196057,0.757241284,0.571956614,0.022869716,0.025111841,0.03090283,0.025901307,0.022697409,4.220015045,2.57599108,1.049821182,0.670919443,0.687690977,3
68,7.799222973,2.818884393,1.120229348,0.834040732,0.683483214,7.272111964,2.131584902,1.905542464,1.564606295,1.237068277,3.657774036,4.641719223,1.632478286,0.709880795,0.547833661,0.004996964,0.001859902,0.000912402,0.000867884,0.000760554,7.818541313,2.859099732,1.29345867,0.72095158,0.608735634,2
68,12.43526276,2.347215903,1.166936927,0.699222927,0.572063355,3.073975435,1.492259323,1.190250976,1.205512726,1.124697516,3.782680121,2.607663427,1.571540468,0.573029734,0.491969347,0.024063798,0.036985129,0.011866065,0.010498556,0.019085976,35.99019402,5.748861968,2.214246758,0.909658871,0.522476782,1
69,40.97752572,7.613341037,2.431932671,0.879781841,0.384803305,6.732671805,1.899675549,1.145636171,0.935707146,0.750610305,7.967456183,22.49248493,2.039342634,1.253237598,0.393350622,0.147359463,0.136382902,0.086965683,0.080877134,0.119783207,35.66406189,7.850649976,2.007426354,0.92450189,0.404195744,3
69,12.49365355,4.958713527,2.811055627,0.899545618,0.3683641,6.4823082,2.6977843,1.737539045,1.081398955,0.741535273,7.247116109,19.30489712,2.901183736,0.907475409,0.313847345,0.061149618,0.039854864,0.035295336,0.029340764,0.027463391,11.61013067,5.224147545,3.297968227,0.973177982,0.397852109,2
69,104.245654,13.15824627,2.759332022,1.169101677,0.434479118,60.48792569,6.108265882,1.863370581,1.254252559,0.883055097,80.89448362,10.86049396,2.083260022,1.099963946,0.343499839,0.089278441,0.089451097,0.085422871,0.05896257,0.056189043,102.2483556,12.82285549,2.681487161,1.193285763,0.445032097,1
70,26.88184193,5.190900138,2.20652356,1.477167707,1.014434,7.968348371,1.637481086,1.429795974,0.870424284,0.836421216,8.777530147,3.010726853,1.83457981,1.145957241,0.888898629,0.020430052,0.019456578,0.009238112,0.008290698,0.006045534,29.46379884,6.195502741,2.45914031,1.506834509,1.03928644,3
70,24.02065451,5.380069241,2.348193448,1.410705161,0.823654483,7.490025471,3.187095,1.623503264,0.992868655,0.726429379,5.294188253,2.916212851,1.565452851,0.598879483,0.515959471,0.019847195,0.008696276,0.007181161,0.003849621,0.009303805,25.00727014,6.311539483,2.492714448,1.418465782,1.008386632,2
70,52.45849855,11.29213071,3.528754776,1.438276612,0.964463953,4.008040965,1.792607882,1.466304282,1.280751459,2.036139376,4.6649624,3.131455965,1.595626141,0.933553094,0.737287224,0.014801788,0.014615682,0.004420506,0.006982541,0.014450094,61.28105742,11.16544489,3.0927582,1.5313976,0.991366482,1
71,43.92701831,9.605872282,2.785023047,1.287497224,0.822914906,24.49276815,9.423076118,3.548726859,1.943580435,1.789796035,1.989008012,1.165103918,0.782049082,0.468280388,0.411753271,0.0960048,0.041123965,0.026830741,0.027386941,0.027861565,39.77398078,10.88249696,2.978161718,1.468128647,0.868475494,3
71,43.80445026,16.21818731,7.969342987,2.284708935,62.29069886,44.26211234,16.00856077,8.86700539,3.329999364,2.537209545,2.148799818,1.548001597,0.926659922,0.657573234,147.20465,105.6413103,53.05099727,29.83194206,13.51419748,87.84975686,45.55164614,16.30137143,8.273113766,2.442981234,2,2
71,26.28335327,19.95936408,8.128255273,4.236902039,1.87371874,31.71156306,20.09034058,9.139826701,6.230167091,3.508694039,4.162665532,2.74897474,2.296110195,1.719863351,0.738129286,159.8664624,99.60239304,62.98562874,31.07372229,12.93391096,26.7183296,20.2867793,8.487440597,4.209639844,1.905611571,1
72,305.9710132,12.81557204,4.727037463,1.71442115,0.868967838,103.2738501,7.762813563,7.592797275,3.873022263,4.537701775,84.07402085,16.51238019,6.013061113,2.319908325,1.131637175,0.054034163,0.038339475,0.036164388,0.02390005,0.029313813,296.7706573,11.75371338,4.9971224,1.9413433,0.991006638,3
72,302.6014882,42.65229281,8.094022023,2.111891864,1.202508182,144.8543114,21.98627026,7.921802295,3.503366011,5.462880875,29.47834842,7.658042852,3.473502398,1.511241364,1.111687591,3.616815182,0.902746136,0.274138057,0.064715034,0.040250216,276.8652446,44.73397967,9.561527568,2.360848909,1.26387508,2
72,93.87705266,12.56106626,3.4341688,1.334035513,0.89628705,29.38024235,11.15950226,6.503341738,6.515639663,6.101833925,6.929922813,3.956316263,2.412411925,1.601110825,0.9180042,0.062602388,0.050564563,0.040179863,0.028062575,0.031710175,72.49523061,10.47752908,2.905506575,1.330733125,0.95639705,1
73,355.7592046,65.67086917,21.2996954,8.816958569,4.334017319,113.1118653,23.87814754,7.596399264,3.169663264,1.6024935,312.3645308,66.07253208,21.17417342,8.078637139,3.870115361,0.051569514,0.036646681,0.035646875,0.043049361,0.050396694,325.3285166,64.32128607,22.02928088,9.120953736,5.13182675,3
73,446.5120342,86.38350344,48.5815194,21.13555576,5.309905133,151.1259616,31.43976661,18.40167004,7.421995067,2.023959547,429.4601891,82.49842305,46.72680876,19.63914789,4.639172773,0.069711987,0.044137707,0.051443653,0.048731,0.06210956,427.8369887,81.72502567,48.53335367,20.99510281,5.418930613,2
73,200.6191957,60.15566435,31.61153953,24.39468013,8.221805709,62.00427096,19.98774702,11.4799698,8.123242909,3.166872782,180.2415992,53.40223618,28.28488209,22.81325502,7.659276418,0.034348673,0.025901655,0.022435982,0.032025527,0.038108291,196.380551,57.59605436,29.77632511,25.15978818,8.453956545,1
74,25.35561548,6.185488538,2.313537075,1.4827298,1.387190225,1.754938725,1.807051588,2.337476325,3.78667925,2.647666025,2.667872525,3.448440488,1.387186863,1.204612538,1.226796975,0.021071525,0.026880475,0.011409113,0.014280225,0.011341713,19.88961204,6.313343775,2.280907475,1.523343288,1.463036863,3
74,34.3345896,7.762681298,2.068174755,1.515512511,1.077876138,2.087442064,2.002438862,1.684055638,2.703102606,2.304571702,3.2057295,4.442917489,1.463050894,1.199850479,0.948689606,0.018227947,0.005119787,0.002852617,0.002919383,0.005871064,26.87244537,6.986219255,1.870967032,1.464271287,1.074472564,2
74,21.47318916,10.35754669,3.142934365,1.746499224,1.241190188,3.572929471,2.965636106,2.266742541,3.253140447,2.779729494,3.708841047,4.503042612,2.061141518,1.509279553,1.122798647,0.040450494,0.0188458,0.005329894,0.005733282,0.008968271,18.51502331,9.537404,2.924785847,1.860643376,1.270687,1
75,6.778335014,1.992247425,1.262196438,0.691935219,0.574554685,16.50593763,10.75457612,5.955202329,4.598251082,6.909797288,1.873198014,1.689286658,1.045724041,0.507434466,0.418636479,0.036102301,0.052168466,0.060786274,0.045574288,0.047556027,4.956085767,2.552190534,1.60047437,0.797328,0.592973,3
75,17.35036299,5.103655729,1.659462186,1.212537957,0.853277314,20.39337911,10.9835763,7.506455157,6.811920343,4.406896814,3.974400786,2.354580514,1.236201357,1.133892,0.730472886,0.044998571,0.042274786,0.030688271,0.0577192,0.054069971,16.25908434,5.031529386,1.6415813,1.139586186,0.864853,2
75,34.99922962,7.158923101,2.139361215,1.504761101,1.024516532,10.47875097,6.763071266,6.501358772,9.831840165,11.25112453,8.351725329,2.77136457,1.90951157,1.329053506,0.892831304,0.070323,0.121017127,0.105656911,0.083827405,0.088994101,76.27510125,17.86674876,5.562535481,2.832767646,1.43845262,1
11,12.55071331,4.428407806,2.629125468,1.635316242,1.155671452,2.992624258,1.76582121,1.312398581,0.862733758,0.717922919,5.8370125,5.494874806,2.486499113,1.087633484,0.725108629,0.070671387,0.086340032,0.076963742,0.046546081,0.037242387,11.04827569,4.596791226,2.380925597,1.023093097,0.512251371,3
11,60.45769488,12.50214087,4.2023716,2.56344265,1.9011322,19.22964757,6.787380417,3.080113733,1.759858217,1.257675517,21.86502643,7.921362417,6.674864467,1.90328995,1.143581283,1.01129805,0.282690883,0.147909167,0.0655704,0.058734533,37.84950067,11.1410618,4.131836067,1.772249983,0.97988565,2
11,9.197866467,3.443695383,1.3536611,1.318331433,0.776232967,6.803852933,2.262296,0.834065883,0.78842795,0.49850915,17.18450852,4.913093,2.370139933,0.863858683,0.543766167,0.02774805,0.06576345,0.054902,0.027220083,0.02279785,6.903192833,3.346638183,1.544777267,0.775823083,0.402536417,1
12,6.625233757,3.162790286,1.484888957,0.868366643,0.537186343,3.458093457,1.408984571,0.927625371,0.628049443,0.545443343,2.599196114,1.739891686,0.7346243,0.415706171,0.304188614,0.237564329,0.2058943,0.140037886,0.112577829,0.088637714,7.989631286,3.427399043,1.283491771,0.725963243,0.495935814,3
12,7.345799114,2.9946717,1.644177129,0.708727986,0.496997614,4.1058765,1.509012129,0.775306429,0.542290943,0.5074689,1.922500043,1.358942914,0.797438043,0.397400686,0.286746271,0.1197182,0.139655786,0.137614157,0.087041571,0.087113,7.705793757,3.111048257,1.679923857,0.624351629,0.421392586,2
12,6.959414988,2.671174901,1.577009321,0.946293296,0.515137815,2.710196975,1.405240136,0.974004975,0.664532358,0.500390074,1.725380864,1.063651086,0.735608407,0.414910556,0.282195864,0.135185457,0.130103938,0.110287753,0.085281284,0.108803568,6.728330704,2.257556185,1.318315877,0.690769654,0.445191778,1
13,22.46998741,6.308945016,3.274438719,1.592526719,0.685731563,6.044167047,2.961576844,2.874669563,3.438545484,2.69157375,15.52868658,6.683688844,3.831778672,1.499848313,0.58371225,0.194448781,0.148734641,0.217313375,0.186792125,0.264597797,21.58347631,7.673679656,4.076813813,1.662797656,0.624466141,3
13,15.49990547,7.747198677,3.025154855,1.600540371,0.775914935,11.63755394,4.114500048,2.780369581,4.348144968,3.088676597,5.254521129,3.192264371,2.380301532,0.962793661,0.493198613,0.170413839,0.121659871,0.122653,0.09798771,0.124734048,17.09277232,9.472147258,3.428747097,1.535860242,0.682062032,2
13,36.59334805,8.138722068,4.088759373,1.672643966,0.660588458,27.02660961,6.298406492,4.868956322,3.954952559,3.982733508,4.808177678,4.990196119,2.676897085,1.041068678,0.506924763,0.012083797,0.024368051,0.024267492,0.019096407,0.011512017,38.38493376,8.324599407,4.268590424,1.599330441,0.59959861,1
14,18.68610024,16.03463539,2.687365317,2.143194561,1.545097549,3.248482988,6.29272772,2.181180305,3.006882695,2.997772573,7.243500366,16.78345382,2.468801293,1.982630512,1.331679902,0.04590211,0.065753085,0.05989628,0.057295463,0.042712317,13.50652607,16.80304643,3.214519256,2.259756537,1.511006012,3
14,15.28115996,7.139604611,3.614269472,1.950397347,1.182728139,4.164223847,2.500574917,2.609410069,4.140824292,4.531005694,5.334860861,4.688128139,3.379519569,1.74292125,1.128971958,0.126960611,0.159257514,0.138059056,0.128923264,0.12220975,11.16922913,5.842910611,3.497929417,2.204547403,1.217982319,2
14,31.70606618,5.69628718,3.46779277,1.810382131,1.364404115,67.06463748,29.3088001,6.245658787,6.050279066,4.170810639,7.401921934,5.925298115,1.987834,1.67776723,1.179118967,0.040532459,0.043357328,0.060925803,0.04622577,0.031967344,18.13522662,4.88790382,3.332770082,2.236908951,1.359390033,1
15,23.1796834,4.1386068,1.654898975,1.1822654,0.7314812,17.18776775,3.9959964,1.487349575,1.047699525,0.905887925,16.60750819,7.204420325,1.894542075,1.302648075,1.086197913,0.047997038,0.074009625,0.0120858,0.029321675,0.025551475,21.32802841,4.242946763,1.66479105,1.1677273,0.679350063,3
15,42.36766199,5.646749608,1.586737886,1.193095329,0.804572772,5.004961392,2.529072658,1.624243127,1.223511911,1.056284506,7.392293291,9.282836557,1.831081785,1.329482671,1.160234747,0.118095595,0.092179595,0.054693671,0.094610203,0.063318506,25.6116229,4.221772633,1.573514734,1.200619139,0.793204418,2
15,24.03884999,5.693737792,2.067341514,1.375712236,0.889016792,12.91968057,4.820491764,2.60528125,1.61179675,1.508624653,15.59265242,10.69911589,1.890508583,1.533634889,1.39367375,0.063507139,0.094974958,0.031841361,0.051335319,0.043118708,21.57481642,5.592673139,1.874963708,1.239010444,0.910956528,1
16,14.59728893,4.370014747,2.233000267,1.250126,0.69769828,50.66877153,13.19649165,4.08458876,2.070148147,1.40642808,6.619481693,6.58654588,3.763743533,1.524634173,0.79509264,0.019043947,0.00669612,0.002754707,0.00176776,0.00172716,14.36420008,4.769882573,1.857203507,1.396743947,0.66007432,3
16,24.94056987,10.57489326,7.075333705,4.696007026,3.855944974,293.7615916,113.17503,52.66010849,22.45032127,10.72813123,24.50303595,10.23885018,7.115918679,5.060548449,4.145776436,0.000213718,7.25E-05,3.77E-05,2.23E-05,1.32E-05,25.49427219,11.20501268,7.744605295,5.028410256,3.900136974,2
16,13.27544748,4.664272397,3.207181333,2.188976381,1.294750381,28.00760676,6.376855143,3.814787857,3.690276365,2.863284063,10.94460057,8.301736063,6.245221397,3.774536016,2.128728333,0.000206794,0.000109889,8.95E-05,2.56E-05,4.76E-05,18.71005222,6.785149889,3.909704968,2.372011286,1.36645146,1
17,29.62096311,5.118603377,1.340745057,0.663302755,0.359429434,3.206610264,1.682104698,1.223151075,0.753208453,0.918959321,2.16517966,1.683545736,1.350618698,0.545139943,0.346675717,0.357489113,0.245520189,0.228455943,0.248823604,0.230717981,21.58183334,4.857564226,1.45097483,0.636404264,0.361904075,3
17,22.25738917,3.168312239,1.223645957,1.010796957,0.392613087,2.854827217,1.277102696,1.121186087,0.911157652,0.949925826,2.962077109,1.399413174,1.244462261,0.83050887,0.323794326,0.247159957,0.28013013,0.301104565,0.286157435,0.273629391,15.00909541,3.075214804,1.395261239,0.719997978,0.31488487,2
17,6.034285848,2.574429152,1.373065717,0.562961696,0.440845587,8.19903387,3.835547196,1.452439826,1.826031435,1.034158065,6.090474391,2.493817761,0.934523957,0.6970945,0.356358457,0.292650609,0.2152635,0.235165913,0.1525835,0.185828717,5.520523739,2.341327674,1.463503739,0.873532609,0.479165587,1
18,15.19332649,7.170220177,2.049917241,0.786196886,0.395791316,7.230696506,2.638975203,0.736969114,0.644233051,0.498363329,2.986322253,1.479855329,0.82011962,0.552781354,0.280578177,0.097072823,0.071986962,0.075516975,0.061392899,0.053669506,6.232086342,2.936355785,1.298771544,0.735732975,0.329592747,3
18,15.78815426,6.511150412,1.873780309,0.711378426,0.354437912,5.358607926,2.297050941,0.967119838,0.694568809,0.502218853,3.927826471,1.762994706,0.950413279,0.537644368,0.250732324,0.067516691,0.091075779,0.052092412,0.067297324,0.051013,12.59937881,6.694306838,2.214735338,0.809290691,0.304292765,2
18,41.40782699,12.14594024,3.858377208,1.305533972,0.482066694,3.933558861,2.229381931,0.764813736,0.63584575,0.510154347,3.555698583,1.697801486,1.132042653,0.558167153,0.255907028,0.103648333,0.06286125,0.061290736,0.077729181,0.066047153,17.10279911,4.911194361,2.047968875,0.81844725,0.374242083,1
19,31.597158,5.131034358,1.889136617,1.012101654,0.636292543,10.90144236,3.018375753,1.265860519,1.041578531,0.805504988,16.69096902,6.553822704,2.891440926,1.882235679,0.989897753,0.074501951,0.083381037,0.034348235,0.036571531,0.03633363,20.65377796,4.666705667,2.209041432,1.032351012,0.624236,3
19,23.45168013,4.003099,2.927311139,1.068064806,0.699016042,9.256419194,2.981936347,1.957410056,1.117921653,0.969080347,21.97052481,10.99635717,3.450271694,1.693944778,0.710243042,0.024790792,0.035295486,0.035360903,0.027847028,0.023682542,37.38198557,7.8808845,4.829586153,1.262594736,0.776845319,2
19,9.385835213,3.790656725,2.619833475,1.338476725,0.763047688,11.27022275,3.406681563,2.257453363,1.3480792,1.464095663,14.86227598,5.207631625,2.281970038,1.120827,0.623731163,0.040061175,0.0262414,0.0283635,0.019258413,0.023463025,10.33369839,4.13320935,2.491832525,1.177338675,0.762257138,1
20,3.579136899,3.438633449,2.386306797,1.830627681,0.873729696,2.827783841,2.778551072,3.039968913,3.766733493,2.098442986,22.71093839,7.625231159,4.647014159,2.552880391,0.801164087,0,0,0,0,0,3.502263855,3.437125232,2.705882884,1.679090783,0.643405072,3
20,5.878330618,3.827834721,2.672280676,1.677998897,0.918123485,4.226398221,2.508275912,2.936031265,3.714459824,2.168653029,5.279150368,2.760100191,2.055404794,1.123551691,0.652252824,0.010953853,0.019934368,0.0185875,0.012704015,0.020138471,6.217168588,4.172975676,2.789441779,1.45917775,0.738710221,2
20,3.686794088,3.680086779,1.868745059,1.250917088,0.607206779,2.691991647,2.675075882,2.931182088,2.738879544,1.942677985,17.13199984,4.931715118,3.135948029,1.395240603,0.505623103,0.000281618,6.95E-05,1.45E-05,8.90E-06,3.34E-05,4.143620574,3.953461515,2.020994294,1.225494853,0.46126375,1
21,26.82255145,4.198529408,1.188629521,0.607362732,0.280591254,10.09853489,3.275880493,1.472777873,0.887632789,0.723143451,2.67664693,1.225445662,1.290053113,0.646794239,0.386188042,0.147129183,0.170383028,0.145366451,0.100109831,0.116890535,21.591441,3.740700761,1.02639031,0.603216887,0.304174958,3
21,11.30916399,2.489800244,1.386712526,0.829436936,0.422736628,1.276815782,1.020523885,0.826061282,0.624966885,0.594258615,4.252382756,1.580062436,0.970836769,0.646908833,0.381831577,0.039220564,0.026992949,0.034004962,0.050312821,0.03357791,5.333270872,2.388282821,1.596016667,0.912364936,0.459838474,2
21,16.99016693,3.307908814,2.337837771,0.9253031,0.431154429,2.523939071,1.099838643,1.1733847,0.755499057,0.576145343,3.6587662,1.549104457,1.433763571,0.706726343,0.358659129,0.043258743,0.067949543,0.116015114,0.068852814,0.049506371,10.29035881,3.146826914,1.938334443,1.022701671,0.4634394,1
22,8.286651714,4.164777196,1.778657036,0.873946875,0.514631839,2.478671768,1.800409,1.499469893,0.675195,0.765611732,4.356913357,2.292388339,1.188158071,0.606018679,0.424904018,0.06036275,0.121010179,0.076467589,0.05570575,0.036608304,7.384200339,3.800091125,1.843783071,0.944554321,0.517529946,3
22,11.30916399,2.489800244,1.386712526,0.829436936,0.422736628,1.276815782,1.020523885,0.826061282,0.624966885,0.594258615,4.252382756,1.580062436,0.970836769,0.646908833,0.381831577,0.039220564,0.026992949,0.034004962,0.050312821,0.03357791,5.333270872,2.388282821,1.596016667,0.912364936,0.459838474,2
22,16.99016693,3.307908814,2.337837771,0.9253031,0.431154429,2.523939071,1.099838643,1.1733847,0.755499057,0.576145343,3.6587662,1.549104457,1.433763571,0.706726343,0.358659129,0.043258743,0.067949543,0.116015114,0.068852814,0.049506371,10.29035881,3.146826914,1.938334443,1.022701671,0.4634394,1
23,15.03192278,6.351092235,7.080510543,5.916691753,8.723848383,8.320851074,5.789727852,8.314118716,6.27265016,9.416109395,11.64483096,7.118461815,6.943673765,6.324879272,8.741489173,0.093985383,0.097709037,0.082815963,0.055110938,0.099181778,14.3837734,6.369192765,7.167944543,6.144251963,8.829747432,3
23,8.523491014,4.578357232,3.121959464,4.84408729,7.121517174,26.20309225,10.41098996,6.422290159,7.177575493,8.183773986,8.821490043,5.83824071,3.063971014,4.483378812,7.024949116,0.040913464,0.039271159,0.01982658,0.019297986,0.017502014,7.792041217,4.421819884,3.577125638,4.849070174,7.185595203,2
23,15.68275889,4.445346937,4.393652429,4.541888063,4.817132063,22.23397833,7.721107619,8.672487667,6.95394854,6.858999921,5.396258714,3.654901698,3.994659444,4.677786921,5.077513825,0.010222063,0.026370619,0.010936667,0.006316556,0.015272397,13.30378405,4.752865889,4.169520302,4.758855651,4.924787683,1
24,90.3626375,10.58091942,4.117908381,3.783132321,3.333456333,9.242349167,3.356265226,2.317969702,2.18956006,1.443104226,8.900310488,3.704375857,1.96190069,1.378160893,0.737162595,0.089528595,0.033993024,0.039750869,0.030710738,0.033318821,23.64502745,4.879465155,3.63325425,3.606083917,3.597328333,3
24,44.27709269,7.238902556,3.19045625,2.055479667,1.044038722,7.195073875,3.750629319,2.787185583,2.278809028,1.504288153,4.385136486,2.098445486,2.252967319,1.479529708,0.858781125,0.012498319,0.004572458,0.002618958,0.002590875,0.002569472,31.45399468,6.797968667,3.574889264,2.365424444,1.360501167,2
24,26.89209593,10.30661284,4.117480712,2.801483247,1.244452973,163.5537282,55.61151195,22.64925941,11.96393479,4.421037945,8.339117438,6.404590603,2.867153986,1.62833789,1.101445329,0.019267493,0.037161699,0.043253329,0.015646068,0.012853658,18.29973958,9.595706753,4.14476537,2.951380973,1.343187329,1
25,71.77045708,14.05547382,4.767257629,1.853722016,0.782221065,22.94211594,4.530067887,2.815976435,1.763767129,1.052558548,18.33329431,4.702292016,2.950322532,1.194638871,0.554225774,0.138120806,0.167277742,0.073173565,0.071461661,0.047121258,61.46503126,12.05204194,4.439310419,1.621857823,0.632891516,3
25,47.99587,15.36168718,9.071592733,3.070515567,1.277844167,28.65434122,12.08499533,8.525528967,2.977838033,1.711211067,21.3828316,8.935278433,6.8423522,2.367194567,1.089913117,0.169480333,0.28024825,0.221801017,0.1523118,0.126574417,54.66065892,14.61524642,10.05697702,3.331486333,1.419478883,2
25,40.13710163,10.89769548,5.809733117,3.387277267,1.91695785,18.94236478,6.844105683,3.795114133,3.7136045,2.4448235,14.17165055,5.253842267,2.977612933,2.577407733,1.4155568,0.1364441,0.1191598,0.1080331,0.131105267,0.11385655,45.7090116,12.71035907,7.439096833,3.77491925,2.1250621,1
26,15.33382261,2.941007138,0.89211155,0.367969388,0.221601188,2.09129795,1.124268013,0.569337375,0.4111452,0.252103338,3.080351475,2.01355395,0.690399663,0.307834613,0.201509463,0.032419613,0.0912261,0.067982188,0.074239013,0.04585965,11.09478061,2.551782213,0.930984538,0.449549925,0.271068763,3
26,21.06749995,2.686866781,0.873616589,0.464056671,0.293465877,4.922309548,1.073506959,0.751219548,0.385215836,0.250734644,1.891028918,1.276311904,0.69338474,0.331481151,0.19287737,0.044432219,0.050121904,0.012464055,0.014854178,0.020379493,12.88579511,2.580035411,1.071568699,0.648742151,0.300767219,2
26,16.06079725,2.355633397,1.302401529,0.575536176,0.288536382,1.801541294,0.623047735,0.544979206,0.346138368,0.239279015,2.152430059,0.972703691,0.601889324,0.357736412,0.216084647,0.036545662,0.014696529,0.00979275,0.007508985,0.00612525,11.80732603,2.346699618,1.254575103,0.782198985,0.367464279,1
27,8.545819267,11.34142098,11.58329478,10.6806873,10.5687391,8.1365391,10.28716947,9.074256817,10.57754975,11.42979983,8.100157167,11.45359387,10.23726792,9.00618075,10.14756188,0.09695765,0.1281917,0.120787083,0.105304267,0.11240455,8.611619633,11.23583485,10.69593063,9.587530367,10.46920177,3
27,33.50751968,7.996723433,4.4806905,5.926003883,7.325459417,3.86104675,4.483894483,2.777340067,4.7257346,6.460914517,6.1073495,5.278480617,3.056382217,4.139938617,5.7877954,0.158840183,0.137357033,0.126201883,0.121556733,0.1128963,19.92103373,6.865267717,3.9126593,5.1027163,6.546921867,2
27,19.1583804,9.10238185,6.089547517,6.752249033,7.2651121,4.416818233,6.31107955,4.37009445,6.11213825,6.614107367,4.460322233,6.107168667,4.2262594,5.18491955,5.737679417,0.111780383,0.088786033,0.12764375,0.06484945,0.063269767,12.34189097,8.620211583,5.417151667,6.077725083,6.4549902,1
28,39.99396152,6.372578861,2.981910114,3.574808038,3.129417367,23.73626186,4.559863861,5.270937924,8.160799152,11.34247487,10.28165299,2.498541468,2.234533089,3.111829987,2.697187595,0.10742438,0.097538671,0.100221253,0.090913139,0.084161101,32.66337994,4.766602278,2.519213899,3.502337,3.090621443,3
28,15.19462177,4.004427203,1.480648594,0.622670942,0.452077087,11.73324491,2.91243358,1.780392478,2.458953913,1.873960986,3.062144884,1.198047594,0.703642739,0.592728884,0.396857971,0.14623313,0.202185667,0.155910116,0.130040333,0.15551258,13.21519646,3.930946754,1.522309783,0.691038159,0.519953783,2
28,23.73180346,4.793046471,1.965179029,1.091993235,1.040639132,10.02318526,2.474652191,2.167313309,2.137461265,1.726311824,4.040047647,1.50833625,1.241217588,1.067543382,0.888011485,0.078163912,0.147082926,0.100676132,0.11699375,0.093972426,22.25164838,4.135905132,2.135154162,1.253181162,1.031292809,1
29,15.56897866,4.851856697,1.988648684,0.885303803,0.337784763,16.10919062,3.574371158,1.726381592,0.597590684,0.262728711,7.246858408,7.664271961,2.218974487,1.008576842,0.292712158,0.132316013,0.083965355,0.075801066,0.100488,0.084451434,17.24450033,5.307656395,1.832750276,1.000191618,0.37302325,3
29,8.303506617,3.54515865,1.50517895,0.74650925,0.43882165,6.636805133,2.664071617,0.933286567,0.529588783,0.2621691,7.875343117,6.125837833,1.82028695,1.016023167,0.361402917,0.177846367,0.144389333,0.133915,0.159741933,0.175675467,10.20296733,4.07969715,1.6543888,0.802832683,0.3957094,2
29,5.248354952,2.463138079,1.327777254,0.845285349,0.388568349,2.282700317,1.219338889,0.643025825,0.595898619,0.343356762,2.361313571,2.703054825,1.394282619,0.750474714,0.335105952,0.056366016,0.051708302,0.067856444,0.050000476,0.056326571,4.925789317,2.401150778,1.749630048,0.884078825,0.387429476,1
30,3.593843761,2.191309972,1.181954634,0.553037,0.527369,2.621555789,1.430328099,0.946157775,0.806400549,0.639046465,14.14184786,11.13593334,3.550304085,1.198887944,0.494200338,0.036513746,0.016935127,0.012823845,0.019278282,0.012292155,3.291144493,2.110281099,1.332790254,0.721232944,0.57684693,3
30,29.95830383,7.26624087,0.995311896,0.528949494,0.356026935,6.152853844,2.372535675,1.865245675,1.186990818,0.925239584,269.2339145,166.3448124,23.47878438,14.90946627,15.56132027,0.026412727,0.020293896,0.009839221,0.007691792,0.019044623,62.81400461,40.60711643,8.278834753,1.381468273,1.166032325,2
30,3.903365846,1.759109077,0.816729015,0.484516138,0.432907877,5.316067046,1.882611846,1.106671708,0.957308862,0.728832738,15.30595703,7.383626062,7.216755954,35.098009,22.06368295,0.011003569,0.014136877,0.028647015,0.014428569,0.024785923,3.381276062,2.147480569,1.114167123,0.626114138,0.443479862,1
31,42.95674386,4.839402725,1.440763551,0.891039362,0.652889986,14.1544847,4.548767203,2.494946275,2.743416087,2.323029493,5.378593565,1.60999758,0.957348101,0.656818551,0.43748958,0.034651884,0.039604551,0.018312507,0.031166754,0.028348101,25.63462316,4.125781348,1.59909029,1.224466522,0.649872145,3
31,65.55758937,8.492640368,2.254260574,1.131941074,0.534528456,24.03183687,5.985827103,3.0330975,3.159115485,2.521396868,14.02802982,2.949333074,1.009465618,0.755686,0.344988515,0.169447324,0.131182353,0.097073,0.087929397,0.095347574,52.52846374,6.886972794,2.473988059,1.238828956,0.573754338,2
31,7.998155088,3.232450397,1.300993176,0.836328765,0.515573382,4.425599441,2.575856647,2.805029765,2.976292029,2.49165275,1.771333206,1.030245324,0.922051353,0.537272015,0.400053882,0.287551926,0.319771162,0.285127779,0.198133838,0.259494632,6.168914765,3.079949735,1.236351015,0.926477206,0.504873794,1
43,9.464134739,3.731312986,3.204323116,1.278836667,0.611341449,2.373300739,0.829451449,1.062918145,0.47477642,0.283670188,20.81006429,11.18422299,3.974210638,1.506570232,0.667889348,0.03469242,0.016744565,0.005692855,0.00912887,0.009240667,8.301332928,4.188073522,3.422699261,1.464358507,0.616662812,3
43,18.8834808,5.0137585,2.976583357,1.325558386,0.689632143,4.4887385,1.519060957,1.259954686,0.611331629,0.3705331,9.935175314,4.476231729,1.851365271,1.078621043,0.466371214,0.032148271,0.0091529,0.005902586,0.0027457,0.005239343,14.85187407,6.177474871,3.232205257,1.424398486,0.786279171,2
43,30.56029886,6.547061099,3.350562408,1.61541,0.754473535,8.164445634,1.785330451,1.237850338,0.644549352,0.373782324,9.874847718,3.437987465,1.613049408,0.79719307,0.453281451,0.03946538,0.020718085,0.010823718,0.011740634,0.015870239,27.46349828,6.152878155,3.651318775,1.775647155,0.824953704,1
44,66.32673409,16.2298711,7.913699971,2.346362,0.725150449,30.72182865,7.753047246,3.661773304,1.170549188,0.911955681,1.339997783,0.643934043,0.380728333,0.400839145,0.365492507,0.03056058,0.026682087,0.024528855,0.028215014,0.029064159,66.79293765,17.7072367,8.508944246,2.678773536,0.874516928,3
44,807.0944799,133.5676889,34.82691936,6.409092362,1.472740304,422.6051261,72.86246817,17.43386787,3.504968725,1.391123971,0.942384536,0.620787304,0.495129377,0.386925043,0.360310348,0.04771758,0.037925928,0.04538587,0.040505638,0.033260768,806.7242694,136.1071537,38.76332462,7.152801768,1.466678014,2
44,77.45290662,12.16879326,6.888329841,2.402172855,0.685892957,39.73714739,10.83621364,5.183111565,2.48036529,1.794555493,0.810067536,0.540350188,0.585572072,0.398570377,0.452687261,0.055097449,0.046290319,0.020345319,0.017348986,0.042081681,73.75139472,12.37924975,6.033016478,2.535254899,0.801260942,1
45,42.61372461,7.599211581,2.172706162,0.970037959,0.762117932,120.856868,90.76203841,50.80193435,43.53493919,88.65942241,17.02915759,5.5600985,3.700347365,1.678813595,0.984442541,0.020465135,0.003802054,0.005522,0.000675716,0.002271027,26.18622015,4.345488905,1.957523122,0.990974446,0.818684014,3
45,158.134541,16.6989423,4.366248746,2.268011803,1.377676944,185.9806713,96.8331887,65.08317093,51.45355718,84.29239925,45.35009104,15.84950608,11.18725628,3.924693732,1.913128113,7.825226437,2.00035569,0.724627845,0.494753183,0.270745268,108.060067,13.48646379,4.087215,2.248219014,1.465819718,2
45,138.0619526,17.72632239,3.030972304,0.901171072,0.590555391,208.9118901,122.3966844,57.05385732,49.7358948,108.6835161,6.612365058,3.966891493,2.492098377,1.256843797,0.720799565,0.042720507,0.018774841,0.00748958,0.00511029,0.006671043,71.54930588,11.99946059,2.741619826,0.846062826,0.668004609,1
46,48.24473706,9.280203761,8.207520662,4.361940648,2.317145972,2.916564915,2.193079789,2.071684141,2.016278606,1.20114331,9.653932606,6.004880352,6.219767958,3.893329085,2.177088437,0.003656451,0.001578944,0.000739366,0.000854803,0.000749493,22.1485799,8.380016451,6.943182704,3.760921789,2.097268141,3
46,24.55663115,5.79172131,2.934284183,1.921783183,1.096891423,1.764950352,0.925066056,1.245955873,1.248570592,1.001595507,6.76950338,3.183518169,2.290415479,1.637621817,0.888650817,0.016971803,0.00655593,0.006975408,0.004148211,0.007924577,11.08987338,3.916406831,2.824727859,1.73997331,1.033346465,2
46,84.2093089,29.56735763,25.41879572,14.73585415,8.9211165,23.08804253,10.97233594,9.729435559,6.706730353,4.577080029,61.2952815,28.07219128,24.38974329,15.5082231,9.084429985,0.033031632,0.023335456,0.022191103,0.018694691,0.024552691,72.21617481,31.45039032,24.44324363,15.24361253,9.079413368,1
47,68.78351107,28.00064211,5.847890566,2.067765796,0.952126566,10.72109643,3.680202531,1.958980115,1.08351615,0.833078717,7.234971504,3.314697805,2.118767805,1.111126779,0.561672867,0.114932478,0.139479761,0.154725717,0.171707894,0.11396992,78.32394627,22.74101812,5.228837558,1.821893381,0.99863131,3
47,15.24208437,4.563503915,1.853775404,0.947048532,0.426011915,3.732509287,1.241428798,0.841504649,0.495323755,0.365444479,2.607741277,1.851000106,1.063583649,0.565323457,0.412836553,0.326174191,0.344496277,0.27074367,0.327206596,0.280830872,11.47050172,4.309914074,1.947470255,1.127107011,0.544300681,2
47,24.83242868,4.191875974,2.008373031,1.033440302,0.491304057,2.441427422,1.299775755,0.873486651,0.623661214,0.43466949,16.89261641,5.860644135,2.849366302,1.155844641,0.527518911,0.171878115,0.146144932,0.111873516,0.12971587,0.138387052,16.86364954,3.838499057,2.317220641,1.179366938,0.540583573,1
48,48.12082806,7.43678158,2.904055536,1.327937348,0.771596841,18.36301222,28.42563786,55.06998558,89.95692128,246.0182181,2.234054333,1.273500696,0.755179812,0.606316783,0.444689667,0.057172101,0.044097754,0.033966348,0.022488159,0.029930812,18.70530825,4.80894742,2.196323826,1.487906275,0.832225783,3
48,32.90377997,4.019488257,1.993271171,1.154192471,0.697094429,26.56517017,43.49676906,59.48055727,91.94863276,195.3492959,2.004537886,1.108833757,0.981853857,0.615138914,0.401591814,0.063163443,0.018887957,0.0203265,0.016553814,0.018747357,18.56663059,3.021182029,2.035276329,1.150730743,0.665359986,2
48,58.77593475,9.745218313,2.444572164,1.531089328,0.816691343,15.49023555,31.03724337,50.861657,87.83738191,270.5205881,1.496870075,0.940457403,0.985261761,0.680511194,0.470003403,0.031904896,0.030807776,0.023285194,0.060918403,0.048797493,40.88055336,6.967972925,1.918484791,1.488176731,0.793778522,1
49,101.4542942,18.51842572,16.43126915,9.065229382,15.83944397,29.98961088,6.635175353,4.546786059,9.083168941,21.81861757,44.08640257,9.505773191,10.54670235,7.012777265,12.66413704,0.073533985,0.039230794,0.031423294,0.027550985,0.044738868,100.4899016,19.9092959,18.62597678,9.278161838,16.27373397,3
49,52.11385074,11.52164782,19.96844185,7.938622292,25.14275047,4.581312431,2.575278528,3.826514583,5.981308889,32.10401125,6.803258278,4.194985514,16.86545603,6.437591306,21.98627254,0.063645778,0.044286694,0.038991597,0.042417153,0.036694278,37.94820449,10.18966533,26.10136046,8.463656264,26.79900913,2
49,66.52006032,28.58922256,27.81359056,9.850042024,21.03503652,19.86505557,7.821786214,6.240079429,7.417245095,25.68087531,110.127606,14.2215189,15.52674488,6.847452905,16.67712846,0.005434798,0.012440821,0.006144595,0.002737155,0.00719931,62.04981842,28.91857674,33.39521075,10.41959979,22.01293585,1
50,34.26111737,10.78133718,2.257765838,0.885824147,0.497831779,13.17886826,6.800165853,1.977339603,0.853133221,0.923560132,20.99941056,8.936771632,1.7704885,0.8653625,0.390390824,0.015078265,0.020601279,0.027012735,0.005256191,0.013382441,26.20076566,10.81387135,2.291143294,0.936928603,0.428264985,3
50,84.12581039,16.46030181,3.424996316,1.375457646,0.76609938,40.69367443,14.31304248,2.829898481,1.334110595,1.145360405,70.85358441,19.25071733,2.788869051,1.418773975,0.633158937,0.037182392,0.037474253,0.033034949,0.02121719,0.038292608,80.19737047,16.43650284,3.294643848,1.588477291,0.699910443,2
50,106.2028822,28.43521131,5.926155094,1.386878063,0.87744574,46.01415525,14.00997341,4.009323385,1.506501646,1.189253938,104.4615909,32.88280107,5.938946354,1.25244851,0.786400438,0.095075938,0.051790427,0.041859667,0.051897344,0.055348052,101.9093327,30.26006478,6.134736177,1.512342188,0.875263823,1
51,5.665355529,1.734584043,1.069218171,0.727669743,0.532586829,3.653151257,1.5909043,1.090590371,0.887049971,0.873253386,3.905693586,1.372925943,0.932179529,0.660743714,0.382583114,0.0580037,0.0505313,0.056864471,0.046144543,0.0509866,6.121049486,2.388306829,1.474215057,0.818382486,0.474994586,3
51,4.1200319,1.905369188,1.286012713,0.876847388,0.563804488,34.55112399,2.298045525,1.175093675,1.0942716,1.321800588,5.314240813,2.243850875,1.111294638,0.66387085,0.478980413,0.29171165,0.135814963,0.100700725,0.060440938,0.10339165,4.1874819,2.073650025,1.22991545,0.779339213,0.5572857,2
51,5.104944086,1.3792501,1.234319171,0.747425643,0.605264471,4.911510314,2.139423671,1.775681943,1.063283043,1.317372771,8.6754442,2.050318629,1.3143296,0.736829,0.648249371,0.090447886,0.069052086,0.036592543,0.036527171,0.060523771,7.4513852,2.371816343,1.3137008,0.6487074,0.608825986,1
52,4.89256579,1.737896198,0.949959704,0.39249937,11.07406538,1.665384309,1.637976593,4.913519963,4.06069879,7.483499728,1.46640737,1.001805494,0.566376938,0.311064049,0.149733889,0.078457284,0.097255975,0.056702395,0.09544137,58.50050662,7.027330346,3.036476333,1.353480753,0.598143901,3,3
52,129.0998226,14.6175407,4.199469432,1.255707203,0.822357905,26.13325001,7.573192851,3.686911554,3.579438041,3.164116135,20.44664378,5.971347014,2.488380081,1.009927068,0.673270865,0.171831689,0.139386838,0.100340311,0.104973392,0.120439797,109.5520555,11.97270139,4.01847473,1.329361054,0.977890851,2
52,34.62139466,5.735807337,1.577821141,0.850164478,0.357559924,4.943284674,2.110997043,1.962585772,4.599720467,3.810113837,4.937508989,2.30752988,0.798554174,0.638794696,0.304250989,0.08818238,0.045188707,0.035387891,0.061646913,0.067925348,37.31339513,5.859525859,1.711735739,0.950207457,0.529631761,1
32,14.21843868,5.479435462,3.895915013,2.861938654,2.910395846,14.42544851,4.209839256,3.313418885,3.810939526,4.009282718,8.481783115,3.298023756,3.486065628,2.699175321,2.909084462,0.066040846,0.041210628,0.031513038,0.049545308,0.035794244,11.31362446,4.835165564,4.440778628,2.737831449,3.223489218,1
32,10.99120719,2.434170068,2.987387452,2.616594521,3.061935438,7.389041164,1.635578178,2.954945863,3.254744027,3.383077877,3.547255452,1.677223301,2.765294534,2.32673011,2.850725342,0.012671699,0.012024521,0.015377932,0.014263521,0.010050507,6.91923363,2.406541041,2.95311011,2.637144986,3.012018027,2
32,24.58298109,3.660500841,3.396162268,2.681419683,2.714642878,4.992035817,1.617635256,2.683591122,3.390567939,3.146087098,5.467624744,2.318771146,3.059533902,2.290268854,2.520192171,0.005833683,0.002568549,0.003037732,0.001098488,0.002000061,14.79560335,3.623353976,3.625310512,2.647499183,2.660187585,3
33,78.20177877,11.71599344,7.017431963,4.764876606,4.369907064,342.1491204,191.1961967,393.9695845,586.0952455,905.4919679,6.963115798,4.261143119,3.282636193,3.488961651,2.789278697,0.63944678,0.121159927,0.046072495,0.044852798,0.181806936,26.36793828,7.549859945,3.837805229,4.310046,3.174300743,1
33,19.18093833,4.853034286,2.668665536,2.702876964,2.42147681,226.7759306,89.52824439,119.9935866,294.9785934,294.045811,3.910817429,3.99420269,1.907294881,2.199288988,2.186606274,0.049068393,0.04091275,0.017297952,0.01299144,0.027378119,13.26429195,4.994535214,2.757684607,2.921786333,2.520308536,2
33,13.13614634,7.556143698,2.808715395,2.91502543,2.521598081,33.72961897,11.44388215,16.1057481,373.4821742,12.39238455,6.5537425,19.26581662,2.491436093,2.59292243,2.393607244,0.029614767,0.049211709,0.022159767,0.032196523,0.019296733,46.39697602,18.24254419,7.988890779,4.417102605,3.304839395,3
34,53.15185169,9.927299495,3.554431131,1.983736687,1.339182131,23.03662372,5.260998859,2.173542697,1.563474737,1.544509162,6.374260596,4.283498071,3.164693808,1.455291111,1.184635909,0.022308788,0.006863364,0.003640202,0.002402788,0.002677798,26.72171,7.11917101,3.54254298,1.848430162,1.295459879,1
34,1704.002068,907.8897734,227.1433712,63.87733618,61.2279082,1573.424126,839.0829201,205.0111656,60.16315018,62.19136564,1657.034951,913.1429588,227.2431229,64.82496204,62.76301544,1588.881605,594.4863982,286.8062344,116.7480346,31.54294156,1659.497113,913.4244027,237.4187864,68.95020109,58.23916949,2
34,40.44242858,7.438478318,3.381321282,1.514301282,1.4312252,1.791184294,1.752551965,1.5260706,1.104492224,1.667981471,5.163834671,4.045553882,2.778521012,1.239064659,1.1998556,0.001173541,0.000450941,0.000219435,0.000152894,8.42E-05,37.28325953,7.671520176,3.574858682,1.565255682,1.271595624,3
35,5.635344929,2.673355843,1.446377043,0.490637243,0.260783086,2.518595257,1.450592114,1.1832585,0.984108043,0.606252971,1.891660914,0.732699171,0.590763186,0.3953654,0.214854371,0.406103629,0.422491329,0.304748571,0.2856014,0.230876814,3.9517158,2.5850461,1.410691,0.570324486,0.375544386,1
35,22.00728349,3.685801514,1.464924657,0.892949514,0.309178186,62.31698767,19.58374127,7.5763675,3.357326271,1.177462914,3.466903743,1.174857243,0.572981357,0.4869812,0.290702743,0.135738957,0.150163257,0.108854871,0.0802696,0.091835671,15.14352361,3.564039714,1.538650014,0.780014429,0.3333084,2
35,28.5869934,3.361806183,1.47924911,0.597085049,0.248811146,3.656789146,2.149807378,1.373697963,1.152699256,0.699826451,2.566132671,0.984916878,0.454342049,0.36137461,0.259814732,0.194184049,0.162643793,0.187594854,0.130545902,0.217560134,24.1063404,2.553444866,1.359782232,0.763686585,0.297298585,3
36,26.07389809,7.131011738,2.519035563,1.189333013,0.627681138,7.13031035,2.219743463,1.0084207,0.828838488,0.618750738,184.5562043,62.70957475,23.73793806,10.34569503,3.180644438,0.029011413,0.024270188,0.018779513,0.0129796,0.021082,22.80302015,8.355273375,2.80603065,1.505846575,0.6950507,1
36,15.57269157,4.765554797,1.545162532,1.058851924,0.426659342,3.208253063,1.776506354,0.603406785,0.615745266,0.447222785,62.73563373,101.490574,52.99267619,20.47254462,33.19646589,0.021307013,0.030096241,0.012410253,0.008089101,0.007255962,19.90064056,6.094232937,2.220628671,1.463184468,0.557441734,2
36,10.20965205,4.764875075,2.245338775,0.881588088,0.380471238,2.005000588,1.443721075,0.664654525,0.553030138,0.449109825,49.49793866,16.38345686,5.180811325,1.40834575,0.758830275,0.073789663,0.0675586,0.091451563,0.064890025,0.066058563,12.06595033,5.796757763,2.187469725,0.949454763,0.43678295,3
37,21.52644998,5.834364246,2.16756823,1.999161066,1.458751033,3.293300164,2.272171328,2.182402262,2.193070967,1.797831426,0.373270377,0.367147508,0.50859618,0.294447934,0.327270098,0,0,0,0,0,18.39821869,6.403064328,2.467946934,1.932640492,1.369279754,1
37,9.485151619,5.579249333,2.529690127,2.069005905,1.818755143,2.553987556,2.300575444,2.664665365,2.234400159,2.390773175,0.37312581,0.409982,0.497860921,0.420614032,0.329431762,7.07E-05,0.000104381,9.44E-05,2.97E-05,7.30E-05,7.551717714,4.989528413,2.27416873,1.828630921,1.755998016,2
37,7.550593841,3.055853754,2.578588,2.241863812,1.641074768,4.599951319,1.707925768,2.20911258,2.679925014,2.115769725,0.514914522,0.317076725,0.377434188,0.309085217,0.28977258,0.000501812,0.000303217,0.000163754,8.22E-05,3.26E-05,8.398548652,3.260108116,2.827536464,2.23360687,1.654492348,3
38,4.140082855,2.150413032,1.02397129,0.6455625,0.37113329,84.84541397,29.97984431,19.59233334,9.399807306,6.596050661,5.353488806,1.624013903,1.170868097,0.6419405,0.412777258,0.005695258,0.006402758,0.007047177,0.006112339,0.007856597,4.344772629,2.111588419,1.348568774,0.602550113,0.367898581,1
38,4.927686085,1.999264634,0.750803254,0.569425592,0.336958099,19.85912589,10.85530211,8.063214859,4.700872732,5.438371099,4.537683592,1.822891085,0.83153038,0.603654577,0.380230563,0.001775408,0.000607451,0.000438211,0.000377239,0.000730676,5.751530014,2.145627761,0.870265254,0.628961972,0.369804831,2
38,24.00310111,4.290189,2.390736873,1.138000143,0.463928206,9.773830206,5.697528841,4.381720619,3.784292698,3.676940762,8.445941444,1.858375048,1.486826063,0.815877492,0.355125286,0.020396032,0.024034159,0.019976746,0.014483603,0.021275,18.88802681,3.223240413,1.943672444,1.046084825,0.447251381,3
39,30.96898005,7.835215074,3.18335079,1.282501444,0.852745605,7.356203901,2.683734531,1.860738148,1.108993296,0.614732951,8.822659864,4.302576235,2.447014272,1.348240481,0.703766877,0.057215494,0.060319407,0.037006321,0.063370173,0.050328037,28.21662219,9.744246296,4.115795086,1.678443914,0.915024099,1
39,16.65116534,4.023238598,2.41515522,1.086385902,0.584957707,13.42410441,2.187598024,1.066587829,0.752434488,0.475803878,8.788844402,3.822649061,2.215868354,0.888299524,0.565267671,0.0506475,0.089920561,0.055913585,0.04790789,0.075690524,9.706249146,6.503899256,2.380401988,1.287108476,0.667191927,2
39,30.20617581,6.270258651,3.143074942,1.541188012,0.846384477,27.38345474,3.38970264,1.879270198,1.365322349,0.731808756,19.09192803,7.305132198,3.312355988,1.619100872,0.801519988,0.088805081,0.101217721,0.076206419,0.055988442,0.072458116,68.00294706,22.19441898,10.7814589,4.690763314,2.110432477,3
40,29.75053003,19.97096047,6.887750145,4.408222452,3.399091242,29.76177721,19.00908095,8.225075548,4.746350952,3.530318016,24.70640269,17.21216432,7.588371048,4.370852032,3.146919032,0.125794677,0.10865921,0.068278355,0.039530548,0.065732516,25.06060726,18.64621135,6.802317597,4.587879774,3.306708452,1
40,51.14526932,21.66770546,9.027403982,7.309354643,3.338147821,49.13301982,21.6221312,10.38179538,6.597361054,3.586579732,27.23386359,19.75202309,7.997887214,5.819926857,3.106306768,0.219876696,0.215281304,0.123900304,0.139471357,0.121963304,50.11345416,21.69558245,8.541630339,6.707267482,3.262230036,2
40,75.51757548,33.38232837,17.52969351,9.227474,4.507197365,75.50010052,39.20176014,17.36650538,9.398863175,4.834640175,54.08508252,28.99657508,16.9116896,9.090561349,4.144076476,0.065046206,0.061141683,0.034499921,0.023576206,0.023047587,68.39611168,33.62786479,17.54992229,9.559423032,4.347986968,3
41,136.7106446,26.70424064,13.20121266,6.034284945,3.342370548,100.2665816,23.18062527,13.97068649,7.788489301,4.775088192,17.93865668,6.278973521,3.600255055,2.367595027,1.655264767,0.089522685,0.055139575,0.017000288,0.012028986,0.021125164,157.5603655,33.6801016,14.9873741,6.631465384,3.586224356,1
41,204.454212,44.69276556,10.61006564,4.606152667,2.636170333,162.2807987,36.55321323,12.18748156,7.75120841,7.908701346,33.96162935,10.9783189,4.71254191,3.516297782,1.5799415,0.063162513,0.036203974,0.028167603,0.016559051,0.028535538,188.1543959,45.02413023,10.80989087,4.810049167,2.670417397,2
41,136.7106446,26.70424064,13.20121266,6.034284945,3.342370548,100.2665816,23.18062527,13.97068649,7.788489301,4.775088192,17.93865668,6.278973521,3.600255055,2.367595027,1.655264767,0.089522685,0.055139575,0.017000288,0.012028986,0.021125164,157.5603655,33.6801016,14.9873741,6.631465384,3.586224356,2
42,2.629189582,14.17681618,1.19282691,1.206503209,0.549894836,3.721539657,5.686091373,1.067468985,1.031897149,0.499675642,2.970238388,8.917990806,1.846771851,1.160092552,0.407715343,0.199308746,0.152112284,0.160120119,0.131134119,0.101087104,2.98712509,15.50780116,1.274803388,1.273095866,0.534182373,1
42,1.671319721,2.091342868,2.059276985,1.104259324,0.490491956,1.952524868,1.709340632,1.340782765,0.724039779,0.428228853,2.499407632,2.713901574,2.245193691,0.818085706,0.407873382,0.000286779,0.000447132,0.000449912,0.000533574,0.000582074,2.312136662,2.860763794,2.117194794,1.09469725,0.478092,2
42,14.75585143,4.380742903,2.566550486,1.229373639,0.549177722,1.949057153,2.224002153,1.606312806,1.24759275,0.819287208,2.798317861,3.304061639,1.908206736,0.821557583,0.299943986,0.151208833,0.183781097,0.083242486,0.097664972,0.13350675,7.565343625,3.220411208,2.548888208,1.301195389,0.494160361,3
21,26.82255145,4.198529408,1.188629521,0.607362732,0.280591254,10.09853489,3.275880493,1.472777873,0.887632789,0.723143451,2.67664693,1.225445662,1.290053113,0.646794239,0.386188042,0.147129183,0.170383028,0.145366451,0.100109831,0.116890535,21.591441,3.740700761,1.02639031,0.603216887,0.304174958,3
21,11.30916399,2.489800244,1.386712526,0.829436936,0.422736628,1.276815782,1.020523885,0.826061282,0.624966885,0.594258615,4.252382756,1.580062436,0.970836769,0.646908833,0.381831577,0.039220564,0.026992949,0.034004962,0.050312821,0.03357791,5.333270872,2.388282821,1.596016667,0.912364936,0.459838474,2
21,16.99016693,3.307908814,2.337837771,0.9253031,0.431154429,2.523939071,1.099838643,1.1733847,0.755499057,0.576145343,3.6587662,1.549104457,1.433763571,0.706726343,0.358659129,0.043258743,0.067949543,0.116015114,0.068852814,0.049506371,10.29035881,3.146826914,1.938334443,1.022701671,0.4634394,1
22,8.286651714,4.164777196,1.778657036,0.873946875,0.514631839,2.478671768,1.800409,1.499469893,0.675195,0.765611732,4.356913357,2.292388339,1.188158071,0.606018679,0.424904018,0.06036275,0.121010179,0.076467589,0.05570575,0.036608304,7.384200339,3.800091125,1.843783071,0.944554321,0.517529946,3
22,11.30916399,2.489800244,1.386712526,0.829436936,0.422736628,1.276815782,1.020523885,0.826061282,0.624966885,0.594258615,4.252382756,1.580062436,0.970836769,0.646908833,0.381831577,0.039220564,0.026992949,0.034004962,0.050312821,0.03357791,5.333270872,2.388282821,1.596016667,0.912364936,0.459838474,2
22,16.99016693,3.307908814,2.337837771,0.9253031,0.431154429,2.523939071,1.099838643,1.1733847,0.755499057,0.576145343,3.6587662,1.549104457,1.433763571,0.706726343,0.358659129,0.043258743,0.067949543,0.116015114,0.068852814,0.049506371,10.29035881,3.146826914,1.938334443,1.022701671,0.4634394,1
23,15.03192278,6.351092235,7.080510543,5.916691753,8.723848383,8.320851074,5.789727852,8.314118716,6.27265016,9.416109395,11.64483096,7.118461815,6.943673765,6.324879272,8.741489173,0.093985383,0.097709037,0.082815963,0.055110938,0.099181778,14.3837734,6.369192765,7.167944543,6.144251963,8.829747432,3
23,8.523491014,4.578357232,3.121959464,4.84408729,7.121517174,26.20309225,10.41098996,6.422290159,7.177575493,8.183773986,8.821490043,5.83824071,3.063971014,4.483378812,7.024949116,0.040913464,0.039271159,0.01982658,0.019297986,0.017502014,7.792041217,4.421819884,3.577125638,4.849070174,7.185595203,2
23,15.68275889,4.445346937,4.393652429,4.541888063,4.817132063,22.23397833,7.721107619,8.672487667,6.95394854,6.858999921,5.396258714,3.654901698,3.994659444,4.677786921,5.077513825,0.010222063,0.026370619,0.010936667,0.006316556,0.015272397,13.30378405,4.752865889,4.169520302,4.758855651,4.924787683,1
24,90.3626375,10.58091942,4.117908381,3.783132321,3.333456333,9.242349167,3.356265226,2.317969702,2.18956006,1.443104226,8.900310488,3.704375857,1.96190069,1.378160893,0.737162595,0.089528595,0.033993024,0.039750869,0.030710738,0.033318821,23.64502745,4.879465155,3.63325425,3.606083917,3.597328333,3
24,44.27709269,7.238902556,3.19045625,2.055479667,1.044038722,7.195073875,3.750629319,2.787185583,2.278809028,1.504288153,4.385136486,2.098445486,2.252967319,1.479529708,0.858781125,0.012498319,0.004572458,0.002618958,0.002590875,0.002569472,31.45399468,6.797968667,3.574889264,2.365424444,1.360501167,2
24,26.89209593,10.30661284,4.117480712,2.801483247,1.244452973,163.5537282,55.61151195,22.64925941,11.96393479,4.421037945,8.339117438,6.404590603,2.867153986,1.62833789,1.101445329,0.019267493,0.037161699,0.043253329,0.015646068,0.012853658,18.29973958,9.595706753,4.14476537,2.951380973,1.343187329,1
25,71.77045708,14.05547382,4.767257629,1.853722016,0.782221065,22.94211594,4.530067887,2.815976435,1.763767129,1.052558548,18.33329431,4.702292016,2.950322532,1.194638871,0.554225774,0.138120806,0.167277742,0.073173565,0.071461661,0.047121258,61.46503126,12.05204194,4.439310419,1.621857823,0.632891516,3
25,47.99587,15.36168718,9.071592733,3.070515567,1.277844167,28.65434122,12.08499533,8.525528967,2.977838033,1.711211067,21.3828316,8.935278433,6.8423522,2.367194567,1.089913117,0.169480333,0.28024825,0.221801017,0.1523118,0.126574417,54.66065892,14.61524642,10.05697702,3.331486333,1.419478883,2
25,40.13710163,10.89769548,5.809733117,3.387277267,1.91695785,18.94236478,6.844105683,3.795114133,3.7136045,2.4448235,14.17165055,5.253842267,2.977612933,2.577407733,1.4155568,0.1364441,0.1191598,0.1080331,0.131105267,0.11385655,45.7090116,12.71035907,7.439096833,3.77491925,2.1250621,1
26,15.33382261,2.941007138,0.89211155,0.367969388,0.221601188,2.09129795,1.124268013,0.569337375,0.4111452,0.252103338,3.080351475,2.01355395,0.690399663,0.307834613,0.201509463,0.032419613,0.0912261,0.067982188,0.074239013,0.04585965,11.09478061,2.551782213,0.930984538,0.449549925,0.271068763,3
26,21.06749995,2.686866781,0.873616589,0.464056671,0.293465877,4.922309548,1.073506959,0.751219548,0.385215836,0.250734644,1.891028918,1.276311904,0.69338474,0.331481151,0.19287737,0.044432219,0.050121904,0.012464055,0.014854178,0.020379493,12.88579511,2.580035411,1.071568699,0.648742151,0.300767219,2
26,16.06079725,2.355633397,1.302401529,0.575536176,0.288536382,1.801541294,0.623047735,0.544979206,0.346138368,0.239279015,2.152430059,0.972703691,0.601889324,0.357736412,0.216084647,0.036545662,0.014696529,0.00979275,0.007508985,0.00612525,11.80732603,2.346699618,1.254575103,0.782198985,0.367464279,1
27,8.545819267,11.34142098,11.58329478,10.6806873,10.5687391,8.1365391,10.28716947,9.074256817,10.57754975,11.42979983,8.100157167,11.45359387,10.23726792,9.00618075,10.14756188,0.09695765,0.1281917,0.120787083,0.105304267,0.11240455,8.611619633,11.23583485,10.69593063,9.587530367,10.46920177,3
27,33.50751968,7.996723433,4.4806905,5.926003883,7.325459417,3.86104675,4.483894483,2.777340067,4.7257346,6.460914517,6.1073495,5.278480617,3.056382217,4.139938617,5.7877954,0.158840183,0.137357033,0.126201883,0.121556733,0.1128963,19.92103373,6.865267717,3.9126593,5.1027163,6.546921867,2
27,19.1583804,9.10238185,6.089547517,6.752249033,7.2651121,4.416818233,6.31107955,4.37009445,6.11213825,6.614107367,4.460322233,6.107168667,4.2262594,5.18491955,5.737679417,0.111780383,0.088786033,0.12764375,0.06484945,0.063269767,12.34189097,8.620211583,5.417151667,6.077725083,6.4549902,1
28,39.99396152,6.372578861,2.981910114,3.574808038,3.129417367,23.73626186,4.559863861,5.270937924,8.160799152,11.34247487,10.28165299,2.498541468,2.234533089,3.111829987,2.697187595,0.10742438,0.097538671,0.100221253,0.090913139,0.084161101,32.66337994,4.766602278,2.519213899,3.502337,3.090621443,3
28,15.19462177,4.004427203,1.480648594,0.622670942,0.452077087,11.73324491,2.91243358,1.780392478,2.458953913,1.873960986,3.062144884,1.198047594,0.703642739,0.592728884,0.396857971,0.14623313,0.202185667,0.155910116,0.130040333,0.15551258,13.21519646,3.930946754,1.522309783,0.691038159,0.519953783,2
28,23.73180346,4.793046471,1.965179029,1.091993235,1.040639132,10.02318526,2.474652191,2.167313309,2.137461265,1.726311824,4.040047647,1.50833625,1.241217588,1.067543382,0.888011485,0.078163912,0.147082926,0.100676132,0.11699375,0.093972426,22.25164838,4.135905132,2.135154162,1.253181162,1.031292809,1
29,15.56897866,4.851856697,1.988648684,0.885303803,0.337784763,16.10919062,3.574371158,1.726381592,0.597590684,0.262728711,7.246858408,7.664271961,2.218974487,1.008576842,0.292712158,0.132316013,0.083965355,0.075801066,0.100488,0.084451434,17.24450033,5.307656395,1.832750276,1.000191618,0.37302325,3
29,8.303506617,3.54515865,1.50517895,0.74650925,0.43882165,6.636805133,2.664071617,0.933286567,0.529588783,0.2621691,7.875343117,6.125837833,1.82028695,1.016023167,0.361402917,0.177846367,0.144389333,0.133915,0.159741933,0.175675467,10.20296733,4.07969715,1.6543888,0.802832683,0.3957094,2
29,5.248354952,2.463138079,1.327777254,0.845285349,0.388568349,2.282700317,1.219338889,0.643025825,0.595898619,0.343356762,2.361313571,2.703054825,1.394282619,0.750474714,0.335105952,0.056366016,0.051708302,0.067856444,0.050000476,0.056326571,4.925789317,2.401150778,1.749630048,0.884078825,0.387429476,1
30,3.593843761,2.191309972,1.181954634,0.553037,0.527369,2.621555789,1.430328099,0.946157775,0.806400549,0.639046465,14.14184786,11.13593334,3.550304085,1.198887944,0.494200338,0.036513746,0.016935127,0.012823845,0.019278282,0.012292155,3.291144493,2.110281099,1.332790254,0.721232944,0.57684693,3
30,29.95830383,7.26624087,0.995311896,0.528949494,0.356026935,6.152853844,2.372535675,1.865245675,1.186990818,0.925239584,269.2339145,166.3448124,23.47878438,14.90946627,15.56132027,0.026412727,0.020293896,0.009839221,0.007691792,0.019044623,62.81400461,40.60711643,8.278834753,1.381468273,1.166032325,2
30,3.903365846,1.759109077,0.816729015,0.484516138,0.432907877,5.316067046,1.882611846,1.106671708,0.957308862,0.728832738,15.30595703,7.383626062,7.216755954,35.098009,22.06368295,0.011003569,0.014136877,0.028647015,0.014428569,0.024785923,3.381276062,2.147480569,1.114167123,0.626114138,0.443479862,1
31,42.95674386,4.839402725,1.440763551,0.891039362,0.652889986,14.1544847,4.548767203,2.494946275,2.743416087,2.323029493,5.378593565,1.60999758,0.957348101,0.656818551,0.43748958,0.034651884,0.039604551,0.018312507,0.031166754,0.028348101,25.63462316,4.125781348,1.59909029,1.224466522,0.649872145,3
31,65.55758937,8.492640368,2.254260574,1.131941074,0.534528456,24.03183687,5.985827103,3.0330975,3.159115485,2.521396868,14.02802982,2.949333074,1.009465618,0.755686,0.344988515,0.169447324,0.131182353,0.097073,0.087929397,0.095347574,52.52846374,6.886972794,2.473988059,1.238828956,0.573754338,2
31,7.998155088,3.232450397,1.300993176,0.836328765,0.515573382,4.425599441,2.575856647,2.805029765,2.976292029,2.49165275,1.771333206,1.030245324,0.922051353,0.537272015,0.400053882,0.287551926,0.319771162,0.285127779,0.198133838,0.259494632,6.168914765,3.079949735,1.236351015,0.926477206,0.504873794,1
54,53.50595665,12.9054994,6.962894524,16.37742708,22.93691998,21.27834914,7.366656873,4.328311333,2.624316667,2.945144317,6.504347524,2.156151222,0.948337984,0.651902206,0.527960778,0.027929714,0.014674841,0.017143381,0.02197081,0.024394365,55.37106271,13.04813238,6.705998365,12.76087213,23.49063435,3
54,58.76192964,12.24682813,6.979341171,33.00116584,35.89318851,47.15342367,11.59602031,6.1175346,3.5832678,2.840459757,18.03328349,3.041107843,2.0209524,1.394960043,0.6823168,0.034881214,0.013783729,0.013127086,0.015307114,0.023570586,59.85490776,9.965914429,7.350194486,33.9362653,42.15172849,2
54,148.7047325,36.16689204,12.81625928,11.25647344,16.05282201,59.98492306,13.79823375,5.791107515,2.956162676,3.289696588,20.88911207,3.623555265,1.253771956,0.507311147,0.484542029,0.052750147,0.01861775,0.019403897,0.01182825,0.026405706,187.1051835,36.2111115,13.06284772,10.47520754,22.6672925,1
55,27.79412775,5.819379942,4.760359768,3.737126768,3.790210855,11.10546819,1.959464754,1.272632594,1.018890072,0.829711348,3370.048008,148.603965,25.70570968,19.22206612,3.359527377,0.074851739,0.048695638,0.046090087,0.040202754,0.031473667,24.81871665,6.887993754,5.623369594,1.808470913,0.821429116,3
55,9.681599985,5.491803882,4.117116456,3.066585544,3.036007926,4.891180912,1.875544147,1.727985029,1.346798338,1.493901324,94.63231674,10.96991851,3.30719175,1.098317147,0.5725505,0.15081375,0.083019691,0.065170632,0.066226515,0.085075706,8.502302485,6.8871795,4.301301691,2.081330765,1.367047765,2
55,9.032582951,4.240957328,4.49720982,3.774664131,2.700959984,13.56537441,4.851611344,2.435075131,2.167484475,1.812861803,14.1783372,3.572718721,1.134055754,0.594756049,0.445979033,0.062811672,0.047875033,0.055362607,0.034796459,0.040036623,10.3623919,5.49078523,3.929296131,1.953112934,1.307766098,1
56,20.91653094,2.700150536,1.111006696,0.548146435,0.344498217,1.128763928,0.762336435,0.598184435,0.373734159,0.281437043,0.852664043,0.454314812,0.456710609,0.391803928,0.424503058,0.072413217,0.062235754,0.055764928,0.026350884,0.026889087,18.53494183,3.059103159,1.193316681,0.73870271,0.449538812,3
56,19.90943823,2.017793357,0.760425529,0.529860786,0.381654343,2.988303343,0.864018686,0.610008457,0.372452543,0.277598286,3.996606143,1.568144686,0.525248814,0.3515021,0.4235551,0.088374114,0.0470986,0.056247871,0.040072457,0.0393066,21.58072544,2.102327971,0.9887169,0.8181684,0.545025257,2
56,14.25178366,2.487115191,0.814841118,0.722498765,0.329592588,1.874126529,1.010875941,0.420845309,0.431603382,0.338315544,1.335911765,0.705922265,0.608791529,0.367761456,0.389843456,0.082965912,0.031850088,0.019109235,0.045554265,0.025381235,13.04038379,2.576938897,0.740631676,0.752486647,0.500809529,1
57,14.93572516,5.711458163,1.329260477,0.952091791,0.526113326,3.910894837,2.554217221,1.680316837,1.284061209,1.245726,5.967065035,4.415863733,2.291122314,0.890823128,0.695303744,0.002222128,0.000670058,0.00038507,0.0003585,0.000336244,24.11449472,6.577774372,1.654542558,0.931855209,0.471155302,3
57,13.46674093,3.629191048,1.683232771,1.058045277,0.630047807,9.93809094,3.23735606,1.479628554,1.59723112,1.768752747,10.1353687,5.043642241,2.323924735,1.13613147,0.78487206,0.012545627,0.005740578,0.003946699,0.001919193,0.00197141,18.70466787,4.150845012,2.077633843,1.194993928,0.635638265,2
57,34.65220045,6.20516742,3.592280852,2.058785989,1.453122773,14.87515717,6.515284307,2.742956943,2.634751761,2.05536642,18.81013301,7.937805568,4.924265489,1.83780108,1.11524775,0.081831864,0.059811443,0.043185375,0.055973966,0.055500011,38.54965484,10.07071242,4.01169392,1.982989568,1.014893261,1
58,136.4637538,11.02043548,3.612579973,1.393679151,0.983614288,77.24158815,4.316457945,5.271670274,2.265542041,2.057285863,28.67838036,2.755051329,2.604866521,0.95174311,0.68852811,0.717133123,0.280800589,0.126111589,0.071082014,0.025676849,147.6441015,12.60918953,4.229039849,1.542690616,0.935023466,3
58,143.9084591,14.80358925,2.961220377,1.488541351,0.661826325,6.388005442,2.610267299,2.591354182,2.005225818,2.023848273,3.805953883,1.509189494,0.972423195,0.606048091,0.345909143,0.212575104,0.08549326,0.041295195,0.023171675,0.029328104,153.1124188,16.22466883,3.033541182,1.388004857,0.657368052,2
58,126.9605768,19.25116569,3.083611085,1.198230056,0.929767394,110.7427681,47.84177896,28.96161313,13.25868235,6.012530746,4.779941141,1.675861296,0.89791269,0.616412535,0.583515197,1.046051352,0.22904031,0.096613732,0.059448042,0.042403507,141.7695632,18.17873751,3.223728197,1.623687817,1.060423394,1
59,896.7726699,350.2526224,137.1312833,45.53448244,7.831213264,655.4528247,185.228389,64.63378342,17.1159101,2.166533917,441.5382395,161.0581324,67.04891689,19.52719693,2.827865,0.078651958,0.026391764,0.013269264,0.006116167,0.007945569,1437.726195,399.4619313,147.5744202,40.1789645,4.247221611,3
59,17.85527849,3.945460888,1.632794101,1.172568764,0.47663173,1.718768236,0.759247876,0.448084449,0.361702685,0.337663461,1.350414966,1.290748045,0.952463888,0.56882864,0.264685427,0.034839596,0.020878393,0.018661236,0.011344472,0.008969,11.90364474,4.281164596,1.900542955,1.209110416,0.464398663,2
59,18.88538162,4.732319222,1.596065481,0.946105494,0.523860148,1.174441432,0.427070938,0.618771272,0.466160827,0.372597556,2.608331136,1.486961074,0.858953333,0.517938728,0.310629667,0.001689568,0.001337346,0.004068889,0.011284062,0.006996531,14.0876193,4.579731815,1.790319222,0.886608543,0.402289481,1
60,115.9236872,13.53299793,2.750604115,1.245866192,0.763621538,10.53379655,3.740439279,2.105222125,1.914607827,1.207569846,6.267868298,4.603390894,2.462902981,0.847217692,0.566974038,0.180849048,0.133158606,0.084527731,0.091240038,0.086522029,72.76811962,10.57099098,2.835032346,1.246904106,0.749399452,3
60,119.6760181,30.56295587,22.72050655,20.37272668,26.19948682,26.07476027,19.53515223,19.99166571,17.85470764,22.88995241,40.14052972,29.02609086,23.27935807,19.52457834,25.22556477,1123.863986,375.1634035,181.3317673,68.50122071,19.62516472,90.96403772,27.57607604,21.2104817,20.48398966,25.95414471,2
60,60.36540593,6.49444743,2.063279814,1.258877698,0.706145965,3.6297335,1.175353116,0.774749523,1.257375128,0.910998605,4.184862163,3.826882105,1.613360849,1.005072314,0.564430198,0.256688047,0.251316663,0.172327988,0.125361721,0.12726886,44.09348721,6.464782616,2.112908814,1.230152488,0.729797442,1
61,164.7815038,25.01129471,8.743767481,4.793012753,1.990013532,18.17733208,6.225327312,2.696445532,1.696726429,0.884832091,47.09427092,16.10413594,6.921864649,4.421630143,1.693786481,0.05750561,0.030085974,0.040881688,0.019975961,0.030101701,108.6868694,19.7992434,7.680510468,5.192247117,2.140881558,3
61,94.95516747,20.3309757,5.771738442,3.441731818,1.790119558,6.808074364,3.781273494,2.378468403,1.53639239,0.770665117,15.23252216,10.62988303,4.485312948,3.452859234,1.438857078,0.08086187,0.060497221,0.061843156,0.035807078,0.031838753,49.05071086,13.90269178,4.66885087,3.535222545,1.744589974,2
61,78.07221735,9.107647056,2.491872831,0.949791901,0.679074254,39.57597045,9.967728423,4.247990535,2.466413099,0.805282451,10.31825799,3.442344606,1.767362732,0.745537408,0.446284887,0.007583394,0.004353873,0.004699662,0.004710437,0.008056859,49.33628683,5.948296859,2.025059563,1.073247549,0.680860958,1
62,1044.645569,258.6191747,132.586673,42.59128774,11.226431,585.8213389,133.6354604,57.26157418,17.20753035,4.321393441,833.5953047,222.0309243,117.5299682,37.8195791,10.88893243,0.201330515,0.070695471,0.059120221,0.011422779,0.00465325,940.0534843,240.6879423,124.5742446,40.46445022,11.29920551,3
62,130.4292483,16.50062556,9.626320535,3.601081127,2.142234634,32.33346756,4.063577042,3.06760062,1.482502,1.08421562,87.8012631,12.30023362,8.418395732,3.279645789,1.979166324,0.005028254,0.002675859,0.002261507,0.003615,0.004607887,107.4754153,15.94471756,9.571750338,3.652595197,2.311698986,2
62,279.9470227,112.6174918,30.99009603,13.52959507,5.006281176,84.03439824,37.48414449,10.77552957,5.193206941,2.130015838,239.5781072,100.2351011,28.90636335,13.35245668,4.884129824,0.021129971,0.014195926,0.004941515,0.005167544,0.008112824,256.0729483,113.2349486,30.54080716,13.7398194,4.943974721,1
63,58.64657173,7.681929585,3.111506469,1.378376169,0.551355369,50.94182768,9.6282078,4.943105215,5.168868431,4.079165369,27.11819251,5.117960246,2.854412338,0.977072546,0.434460215,0.113441208,0.117707362,0.0839891,0.063365869,0.065686192,58.34870094,7.562876169,3.275022923,1.622473215,0.596443269,3
63,221.54067,50.39877765,10.90472139,1.792547646,0.711890841,202.3674884,52.55631943,10.84228167,6.741231744,4.729563598,58.07430549,15.64888805,4.424736159,0.960212256,0.407561146,0.087787829,0.061082354,0.073614683,0.047737537,0.051944134,222.6258719,53.14845959,10.62294666,1.833881366,0.672528073,2
63,159.0678776,21.14614828,6.035495195,1.927365,0.556951073,132.4054718,16.69215448,7.829167695,7.017666146,4.483777366,52.46955696,7.638767085,2.490739756,1.163388841,0.421276146,0.053024268,0.041257573,0.042808524,0.038333707,0.050353671,155.1541121,20.66025972,5.862067805,1.908410817,0.574799476,1
64,1580.058685,349.5968455,119.8151753,88.51380151,137.3839682,1056.557046,244.6778274,83.60370267,60.26376895,103.0276441,1347.338531,309.9392541,112.2052471,83.94084792,124.2550675,10691.24844,4241.653004,1563.851488,823.0271873,395.8655772,1584.924617,351.661171,121.0686068,92.20561548,142.5714162,3
64,25.06507554,3.912162,1.050654798,0.714450021,0.496790894,2.304448819,0.933484372,1.168316532,1.532716319,1.830004851,4.040883628,2.181131266,1.026292085,0.642593223,0.445814681,0.060432479,0.061110468,0.059607862,0.041202851,0.0342145,19.14066219,3.514115596,1.124617191,0.902678638,0.689211074,2
64,17.02667646,5.662586631,1.157674,0.554446071,0.328192143,2.23788294,1.168483702,0.894358548,0.977597488,1.340394583,3.783796619,2.096783988,1.102522774,0.56959519,0.387971071,0.068162917,0.02828106,0.015251071,0.019273893,0.029319369,11.91665437,3.789850321,1.071853762,0.73379481,0.532551381,1
